scene,index,valid,cost,score
0,3,1,0,12032
0,2,1,0,12032
0,1,1,0,12032
0,0,1,0,12032
0,4,1,0,12032
0,5,1,0,12032
0,6,1,0,12032
0,7,1,0,12032
0,11,1,0,12032
0,10,1,0,12032
0,9,1,0,12032
0,8,1,0,12032
0,12,1,0,12032
0,13,1,0,12032
0,14,1,0,12032
0,15,1,0,12032
0,19,1,0,12032
0,18,1,0,12032
0,17,1,0,12032
0,16,1,0,12032
0,20,1,0,12032
0,21,1,0,12032
0,22,1,0,12032
0,23,1,0,12032
0,27,1,0,12032
0,26,1,0,12032
0,25,1,0,12032
0,24,1,0,12032
0,28,1,0,12032
0,29,1,0,12032
0,30,1,0,12032
0,31,1,0,12032
0,35,1,0,11789
0,34,1,0,11769
0,33,1,0,11767
0,32,1,0,11775
0,36,1,0,11818
0,37,1,0,11865
0,38,1,0,11912
0,39,1,0,11953
0,43,1,0,11923
0,42,1,0,11970
0,41,1,0,11988
0,40,1,0,11981
0,44,1,0,11850
0,45,1,0,11758
0,46,1,0,11659
0,47,1,0,11563
0,51,1,0,11739
0,50,1,0,11640
0,49,1,0,11544
0,48,1,0,11456
0,52,1,0,11832
0,53,1,0,11904
0,54,1,0,11951
0,55,1,0,11969
0,59,1,0,11846
0,58,1,0,11893
0,57,1,0,11934
0,56,1,0,11964
0,60,1,0,11808
0,61,1,0,11788
0,62,1,0,11762
0,63,1,0,11748
0,67,1,0,11525
0,66,1,0,11490
0,65,1,0,11486
0,64,1,0,11503
0,68,1,0,11592
0,69,1,0,11677
0,70,1,0,11773
0,71,1,0,11858
0,75,1,0,11796
0,74,1,0,11893
0,73,1,0,11932
0,72,1,0,11913
0,76,1,0,11651
0,77,1,0,11469
0,78,1,0,11267
0,79,1,0,11071
0,83,1,0,11450
0,82,1,0,11248
0,81,1,0,11052
0,80,1,0,10880
0,84,1,0,11633
0,85,1,0,11777
0,86,1,0,11874
0,87,1,0,11913
0,91,1,0,11658
0,90,1,0,11754
0,89,1,0,11839
0,88,1,0,11896
0,92,1,0,11574
0,93,1,0,11528
0,94,1,0,11477
0,95,1,0,11467
0,99,1,0,11266
0,98,1,0,11215
0,97,1,0,11205
0,96,1,0,11231
0,100,1,0,11366
0,101,1,0,11492
0,102,1,0,11636
0,103,1,0,11762
0,107,1,0,11669
0,106,1,0,11814
0,105,1,0,11869
0,104,1,0,11845
0,108,1,0,11450
0,109,1,0,11179
0,110,1,0,10874
0,111,1,0,10581
0,115,1,0,11160
0,114,1,0,10855
0,113,1,0,10562
0,112,1,0,10304
0,116,1,0,11432
0,117,1,0,11650
0,118,1,0,11795
0,119,1,0,11850
0,123,1,0,11473
0,122,1,0,11617
0,121,1,0,11743
0,120,1,0,11828
0,124,1,0,11348
0,125,1,0,11271
0,126,1,0,11196
0,127,1,0,11186
0,131,1,0,11006
0,130,1,0,10931
0,129,1,0,10923
0,128,1,0,10959
0,132,1,0,11134
0,133,1,0,11306
0,134,1,0,11496
0,135,1,0,11668
0,139,1,0,11544
0,138,1,0,11734
0,137,1,0,11809
0,136,1,0,11779
0,140,1,0,11251
0,141,1,0,10888
0,142,1,0,10482
0,143,1,0,10088
0,147,1,0,10869
0,146,1,0,10463
0,145,1,0,10069
0,144,1,0,9728
0,148,1,0,11233
0,149,1,0,11525
0,150,1,0,11715
0,151,1,0,11790
0,155,1,0,11287
0,154,1,0,11477
0,153,1,0,11649
0,152,1,0,11762
0,156,1,0,11116
0,157,1,0,11011
0,158,1,0,10912
0,159,1,0,10904
0,163,1,0,10744
0,162,1,0,10651
0,161,1,0,10640
0,160,1,0,10687
0,164,1,0,10906
0,165,1,0,11122
0,166,1,0,11357
0,167,1,0,11567
0,171,1,0,11416
0,170,1,0,11649
0,169,1,0,11747
0,168,1,0,11708
0,172,1,0,11051
0,173,1,0,10590
0,174,1,0,10089
0,175,1,0,9594
0,179,1,0,10571
0,178,1,0,10070
0,177,1,0,9575
0,176,1,0,9152
0,180,1,0,11033
0,181,1,0,11397
0,182,1,0,11630
0,183,1,0,11728
0,187,1,0,11103
0,186,1,0,11338
0,185,1,0,11548
0,184,1,0,11691
0,188,1,0,10888
0,189,1,0,10745
0,190,1,0,10632
0,191,1,0,10621
0,195,1,0,10482
0,194,1,0,10373
0,193,1,0,10357
0,192,1,0,10415
0,196,1,0,10680
0,197,1,0,10936
0,198,1,0,11218
0,199,1,0,11472
0,203,1,0,11287
0,202,1,0,11576
0,201,1,0,11689
0,200,1,0,11640
0,204,1,0,10851
0,205,1,0,10306
0,206,1,0,9699
0,207,1,0,9108
0,211,1,0,10287
0,210,1,0,9680
0,209,1,0,9089
0,208,1,0,8576
0,212,1,0,10833
0,213,1,0,11268
0,214,1,0,11557
0,215,1,0,11670
0,219,1,0,10917
0,218,1,0,11199
0,217,1,0,11453
0,216,1,0,11623
0,220,1,0,10662
0,221,1,0,10489
0,222,1,0,10354
0,223,1,0,10338
0,227,1,0,10219
0,226,1,0,10094
0,225,1,0,10073
0,224,1,0,10143
0,228,1,0,10445
0,229,1,0,10751
0,230,1,0,11080
0,231,1,0,11371
0,235,1,0,11162
0,234,1,0,11490
0,233,1,0,11626
0,232,1,0,11574
0,236,1,0,10651
0,237,1,0,10011
0,238,1,0,9303
0,239,1,0,8613
0,243,1,0,9992
0,242,1,0,9284
0,241,1,0,8594
0,240,1,0,8000
0,244,1,0,10633
0,245,1,0,11143
0,246,1,0,11471
0,247,1,0,11607
0,251,1,0,10732
0,250,1,0,11061
0,249,1,0,11352
0,248,1,0,11557
0,252,1,0,10427
0,253,1,0,10226
0,254,1,0,10075
0,255,1,0,10054
0,259,1,0,9960
0,258,1,0,9814
0,257,1,0,9795
0,256,1,0,9871
0,260,1,0,10219
0,261,1,0,10562
0,262,1,0,10939
0,263,1,0,11279
0,267,1,0,11034
0,266,1,0,11413
0,265,1,0,11565
0,264,1,0,11506
0,268,1,0,10452
0,269,1,0,9722
0,270,1,0,8913
0,271,1,0,8123
0,275,1,0,9703
0,274,1,0,8894
0,273,1,0,8104
0,272,1,0,7424
0,276,1,0,10434
0,277,1,0,11015
0,278,1,0,11394
0,279,1,0,11546
0,283,1,0,10543
0,282,1,0,10920
0,281,1,0,11260
0,280,1,0,11489
0,284,1,0,10201
0,285,1,0,9971
0,286,1,0,9795
0,287,1,0,9776
0,291,1,0,9695
0,290,1,0,9532
0,289,1,0,9507
0,288,1,0,9599
0,292,1,0,9990
0,293,1,0,10381
0,294,1,0,10804
0,295,1,0,11181
0,299,1,0,10908
0,298,1,0,11330
0,297,1,0,11505
0,296,1,0,11439
0,300,1,0,10253
0,301,1,0,9426
0,302,1,0,8521
0,303,1,0,7634
0,307,1,0,9407
0,306,1,0,8502
0,305,1,0,7615
0,304,1,0,6848
0,308,1,0,10235
0,309,1,0,10889
0,310,1,0,11311
0,311,1,0,11486
0,315,1,0,10362
0,314,1,0,10785
0,313,1,0,11162
0,312,1,0,11422
0,316,1,0,9972
0,317,1,0,9710
0,318,1,0,9513
0,319,1,0,9488
0,323,1,0,9434
0,322,1,0,9251
0,321,1,0,9227
0,320,1,0,9327
0,324,1,0,9760
0,325,1,0,10194
0,326,1,0,10664
0,327,1,0,11084
0,331,1,0,10782
0,330,1,0,11253
0,329,1,0,11446
0,328,1,0,11370
0,332,1,0,10053
0,333,1,0,9132
0,334,1,0,8126
0,335,1,0,7140
0,339,1,0,9113
0,338,1,0,8107
0,337,1,0,7121
0,336,1,0,6272
0,340,1,0,10035
0,341,1,0,10763
0,342,1,0,11234
0,343,1,0,11427
0,347,1,0,10175
0,346,1,0,10645
0,345,1,0,11065
0,344,1,0,11353
0,348,1,0,9742
0,349,1,0,9447
0,350,1,0,9232
0,351,1,0,9208
0,355,1,0,9175
0,354,1,0,8971
0,353,1,0,8943
0,352,1,0,9055
0,356,1,0,9533
0,357,1,0,10012
0,358,1,0,10525
0,359,1,0,10986
0,363,1,0,10654
0,362,1,0,11172
0,361,1,0,11384
0,360,1,0,11302
0,364,1,0,9854
0,365,1,0,8843
0,366,1,0,7735
0,367,1,0,6651
0,371,1,0,8824
0,370,1,0,7716
0,369,1,0,6632
0,368,1,0,5696
0,372,1,0,9836
0,373,1,0,10635
0,374,1,0,11153
0,375,1,0,11365
0,379,1,0,9993
0,378,1,0,10506
0,377,1,0,10967
0,376,1,0,11285
0,380,1,0,9515
0,381,1,0,9190
0,382,1,0,8952
0,383,1,0,8924
0,387,1,0,8911
0,386,1,0,8694
0,385,1,0,8663
0,384,1,0,8783
0,388,1,0,9308
0,389,1,0,9825
0,390,1,0,10386
0,391,1,0,10894
0,395,1,0,10528
0,394,1,0,11096
0,393,1,0,11324
0,392,1,0,11234
0,396,1,0,9653
0,397,1,0,8556
0,398,1,0,7343
0,399,1,0,6159
0,403,1,0,8537
0,402,1,0,7324
0,401,1,0,6140
0,400,1,0,5120
0,404,1,0,9635
0,405,1,0,10509
0,406,1,0,11077
0,407,1,0,11305
0,411,1,0,9806
0,410,1,0,10367
0,409,1,0,10875
0,408,1,0,11217
0,412,1,0,9290
0,413,1,0,8928
0,414,1,0,8675
0,415,1,0,8644
0,419,1,0,8653
0,418,1,0,8420
0,417,1,0,8377
0,416,1,0,8511
0,420,1,0,9079
0,421,1,0,9635
0,422,1,0,10245
0,423,1,0,10796
0,427,1,0,10396
0,426,1,0,11016
0,425,1,0,11266
0,424,1,0,11168
0,428,1,0,9454
0,429,1,0,8262
0,430,1,0,6951
0,431,1,0,5669
0,435,1,0,8243
0,434,1,0,6932
0,433,1,0,5650
0,432,1,0,4544
0,436,1,0,9436
0,437,1,0,10377
0,438,1,0,10997
0,439,1,0,11247
0,443,1,0,9616
0,442,1,0,10226
0,441,1,0,10777
0,440,1,0,11151
0,444,1,0,9061
0,445,1,0,8666
0,446,1,0,8401
0,447,1,0,8358
0,451,1,0,8389
0,450,1,0,8135
0,449,1,0,8098
0,448,1,0,8239
0,452,1,0,8844
0,453,1,0,9451
0,454,1,0,10107
0,455,1,0,10698
0,459,1,0,10270
0,458,1,0,10932
0,457,1,0,11201
0,456,1,0,11097
0,460,1,0,9253
0,461,1,0,7973
0,462,1,0,6558
0,463,1,0,5178
0,467,1,0,7954
0,466,1,0,6539
0,465,1,0,5159
0,464,1,0,3968
0,468,1,0,9235
0,469,1,0,10251
0,470,1,0,10913
0,471,1,0,11182
0,475,1,0,9432
0,474,1,0,10088
0,473,1,0,10679
0,472,1,0,11080
0,476,1,0,8826
0,477,1,0,8406
0,478,1,0,8116
0,479,1,0,8079
0,483,1,0,8130
0,482,1,0,7860
0,481,1,0,7816
0,480,1,0,7967
0,484,1,0,8617
0,485,1,0,9263
0,486,1,0,9969
0,487,1,0,10602
0,491,1,0,10147
0,490,1,0,10851
0,489,1,0,11143
0,488,1,0,11029
0,492,1,0,9053
0,493,1,0,7679
0,494,1,0,6168
0,495,1,0,4687
0,499,1,0,7660
0,498,1,0,6149
0,497,1,0,4668
0,496,1,0,3392
0,500,1,0,9035
0,501,1,0,10128
0,502,1,0,10832
0,503,1,0,11124
0,507,1,0,9244
0,506,1,0,9950
0,505,1,0,10583
0,504,1,0,11012
0,508,1,0,8599
0,509,1,0,8145
0,510,1,0,7841
0,511,1,0,7797
1,3,0,5080,93312
1,2,0,5080,93312
1,1,0,5080,93312
1,0,0,5080,93312
1,4,0,5080,93312
1,5,0,5080,93312
1,6,0,5080,93312
1,7,0,5080,93312
1,11,0,5080,93312
1,10,0,5080,93312
1,9,0,5080,93312
1,8,0,5080,93312
1,12,0,5080,93312
1,13,0,5080,93312
1,14,0,5080,93312
1,15,0,5080,93312
1,19,0,5080,93312
1,18,0,5080,93312
1,17,0,5080,93312
1,16,0,5080,93312
1,20,0,5080,93312
1,21,0,5080,93312
1,22,0,5080,93312
1,23,0,5080,93312
1,27,0,5080,93312
1,26,0,5080,93312
1,25,0,5080,93312
1,24,0,5080,93312
1,28,0,5080,93312
1,29,0,5080,93312
1,30,0,5080,93312
1,31,0,5080,93312
1,35,0,5080,93069
1,34,0,5080,93049
1,33,0,5080,93047
1,32,0,5080,93055
1,36,0,5080,93098
1,37,0,5080,93145
1,38,0,5080,93192
1,39,0,5080,93233
1,43,0,5080,93203
1,42,0,5080,93250
1,41,0,5080,93268
1,40,0,5080,93261
1,44,0,5080,93130
1,45,0,5080,93038
1,46,0,5080,92939
1,47,0,5080,92843
1,51,0,5080,93019
1,50,0,5080,92920
1,49,0,5080,92824
1,48,0,5080,92736
1,52,0,5080,93112
1,53,0,5080,93184
1,54,0,5080,93231
1,55,0,5080,93249
1,59,0,5080,93126
1,58,0,5080,93173
1,57,0,5080,93214
1,56,0,5080,93244
1,60,0,5080,93088
1,61,0,5080,93068
1,62,0,5080,93042
1,63,0,5080,93028
1,67,0,5080,92805
1,66,0,5080,92770
1,65,0,5080,92766
1,64,0,5080,92783
1,68,0,5080,92872
1,69,0,5080,92957
1,70,0,5080,93053
1,71,0,5080,93138
1,75,0,5080,93076
1,74,0,5080,93173
1,73,0,5080,93212
1,72,0,5080,93193
1,76,0,5080,92931
1,77,0,5080,92749
1,78,0,5080,92547
1,79,0,5080,92351
1,83,0,5080,92730
1,82,0,5080,92528
1,81,0,5080,92332
1,80,0,5080,92160
1,84,0,5080,92913
1,85,0,5080,93057
1,86,0,5080,93154
1,87,0,5080,93193
1,91,0,5080,92938
1,90,0,5080,93034
1,89,0,5080,93119
1,88,0,5080,93176
1,92,0,5080,92854
1,93,0,5080,92808
1,94,0,5080,92757
1,95,0,5080,92747
1,99,0,5080,92546
1,98,0,5080,92495
1,97,0,5080,92485
1,96,0,5080,92511
1,100,0,5080,92646
1,101,0,5080,92772
1,102,0,5080,92916
1,103,0,5080,93042
1,107,0,5080,92949
1,106,0,5080,93094
1,105,0,5080,93149
1,104,0,5080,93125
1,108,0,5080,92730
1,109,0,5080,92459
1,110,0,5080,92154
1,111,0,5080,91861
1,115,0,5080,92440
1,114,0,5080,92135
1,113,0,5080,91842
1,112,0,5080,91584
1,116,0,5080,92712
1,117,0,5080,92930
1,118,0,5080,93075
1,119,0,5080,93130
1,123,0,5080,92753
1,122,0,5080,92897
1,121,0,5080,93023
1,120,0,5080,93108
1,124,0,5080,92628
1,125,0,5080,92551
1,126,0,5080,92476
1,127,0,5080,92466
1,131,0,5080,92286
1,130,0,5080,92211
1,129,0,5080,92203
1,128,0,5080,92239
1,132,0,5080,92414
1,133,0,5080,92586
1,134,0,5080,92776
1,135,0,5080,92948
1,139,0,5080,92824
1,138,0,5080,93014
1,137,0,5080,93089
1,136,0,5080,93059
1,140,0,5080,92531
1,141,0,5080,92168
1,142,0,5080,91762
1,143,0,5080,91368
1,147,0,5080,92149
1,146,0,5080,91743
1,145,0,5080,91349
1,144,0,5080,91008
1,148,0,5080,92513
1,149,0,5080,92805
1,150,0,5080,92995
1,151,0,5080,93070
1,155,0,5080,92567
1,154,0,5080,92757
1,153,0,5080,92929
1,152,0,5080,93042
1,156,0,5080,92396
1,157,0,5080,92291
1,158,0,5080,92192
1,159,0,5080,92184
1,163,0,5080,92024
1,162,0,5080,91931
1,161,0,5080,91920
1,160,0,5080,91967
1,164,0,5080,92186
1,165,0,5080,92402
1,166,0,5080,92637
1,167,0,5080,92847
1,171,0,5080,92696
1,170,0,5080,92929
1,169,0,5080,93027
1,168,0,5080,92988
1,172,0,5080,92331
1,173,0,5080,91870
1,174,0,5080,91369
1,175,0,5080,90874
1,179,0,5080,91851
1,178,0,5080,91350
1,177,0,5080,90855
1,176,0,5080,90432
1,180,0,5080,92313
1,181,0,5080,92677
1,182,0,5080,92910
1,183,0,5080,93008
1,187,0,5080,92383
1,186,0,5080,92618
1,185,0,5080,92828
1,184,0,5080,92971
1,188,0,5080,92168
1,189,0,5080,92025
1,190,0,5080,91912
1,191,0,5080,91901
1,195,0,5080,91762
1,194,0,5080,91653
1,193,0,5080,91637
1,192,0,5080,91695
1,196,0,5080,91960
1,197,0,5080,92216
1,198,0,5080,92498
1,199,0,5080,92752
1,203,0,5080,92567
1,202,0,5080,92856
1,201,0,5080,92969
1,200,0,5080,92920
1,204,0,5080,92131
1,205,0,5080,91586
1,206,0,5080,90979
1,207,0,5080,90388
1,211,0,5080,91567
1,210,0,5080,90960
1,209,0,5080,90369
1,208,0,5080,89856
1,212,0,5080,92113
1,213,0,5080,92548
1,214,0,5080,92837
1,215,0,5080,92950
1,219,0,5080,92197
1,218,0,5080,92479
1,217,0,5080,92733
1,216,0,5080,92903
1,220,0,5080,91942
1,221,0,5080,91769
1,222,0,5080,91634
1,223,0,5080,91618
1,227,0,5080,91499
1,226,0,5080,91374
1,225,0,5080,91353
1,224,0,5080,91423
1,228,0,5080,91725
1,229,0,5080,92031
1,230,0,5080,92360
1,231,0,5080,92651
1,235,0,5080,92442
1,234,0,5080,92770
1,233,0,5080,92906
1,232,0,5080,92854
1,236,0,5080,91931
1,237,0,5080,91291
1,238,0,5080,90583
1,239,0,5080,89893
1,243,0,5080,91272
1,242,0,5080,90564
1,241,0,5080,89874
1,240,0,5080,89280
1,244,0,5080,91913
1,245,0,5080,92423
1,246,0,5080,92751
1,247,0,5080,92887
1,251,0,5080,92012
1,250,0,5080,92341
1,249,0,5080,92632
1,248,0,5080,92837
1,252,0,5080,91707
1,253,0,5080,91506
1,254,0,5080,91355
1,255,0,5080,91334
1,259,0,5080,91240
1,258,0,5080,91094
1,257,0,5080,91075
1,256,0,5080,91151
1,260,0,5080,91499
1,261,0,5080,91842
1,262,0,5080,92219
1,263,0,5080,92559
1,267,0,5080,92314
1,266,0,5080,92693
1,265,0,5080,92845
1,264,0,5080,92786
1,268,0,5080,91732
1,269,0,5080,91002
1,270,0,5080,90193
1,271,0,5080,89403
1,275,0,5080,90983
1,274,0,5080,90174
1,273,0,5080,89384
1,272,0,5080,88704
1,276,0,5080,91714
1,277,0,5080,92295
1,278,0,5080,92674
1,279,0,5080,92826
1,283,0,5080,91823
1,282,0,5080,92200
1,281,0,5080,92540
1,280,0,5080,92769
1,284,0,5080,91481
1,285,0,5080,91251
1,286,0,5080,91075
1,287,0,5080,91056
1,291,0,5080,90975
1,290,0,5080,90812
1,289,0,5080,90787
1,288,0,5080,90879
1,292,0,5080,91270
1,293,0,5080,91661
1,294,0,5080,92084
1,295,0,5080,92461
1,299,0,5080,92188
1,298,0,5080,92610
1,297,0,5080,92785
1,296,0,5080,92719
1,300,0,5080,91533
1,301,0,5080,90706
1,302,0,5080,89801
1,303,0,5080,88914
1,307,0,5080,90687
1,306,0,5080,89782
1,305,0,5080,88895
1,304,0,5080,88128
1,308,0,5080,91515
1,309,0,5080,92169
1,310,0,5080,92591
1,311,0,5080,92766
1,315,0,5080,91642
1,314,0,5080,92065
1,313,0,5080,92442
1,312,0,5080,92702
1,316,0,5080,91252
1,317,0,5080,90990
1,318,0,5080,90793
1,319,0,5080,90768
1,323,0,5080,90714
1,322,0,5080,90531
1,321,0,5080,90507
1,320,0,5080,90607
1,324,0,5080,91040
1,325,0,5080,91474
1,326,0,5080,91944
1,327,0,5080,92364
1,331,0,5080,92062
1,330,0,5080,92533
1,329,0,5080,92726
1,328,0,5080,92650
1,332,0,5080,91333
1,333,0,5080,90412
1,334,0,5080,89406
1,335,0,5080,88420
1,339,0,5080,90393
1,338,0,5080,89387
1,337,0,5080,88401
1,336,0,5080,87552
1,340,0,5080,91315
1,341,0,5080,92043
1,342,0,5080,92514
1,343,0,5080,92707
1,347,0,5080,91455
1,346,0,5080,91925
1,345,0,5080,92345
1,344,0,5080,92633
1,348,0,5080,91022
1,349,0,5080,90727
1,350,0,5080,90512
1,351,0,5080,90488
1,355,0,5080,90455
1,354,0,5080,90251
1,353,0,5080,90223
1,352,0,5080,90335
1,356,0,5080,90813
1,357,0,5080,91292
1,358,0,5080,91805
1,359,0,5080,92266
1,363,0,5080,91934
1,362,0,5080,92452
1,361,0,5080,92664
1,360,0,5080,92582
1,364,0,5080,91134
1,365,0,5080,90123
1,366,0,5080,89015
1,367,0,5080,87931
1,371,0,5080,90104
1,370,0,5080,88996
1,369,0,5080,87912
1,368,0,5080,86976
1,372,0,5080,91116
1,373,0,5080,91915
1,374,0,5080,92433
1,375,0,5080,92645
1,379,0,5080,91273
1,378,0,5080,91786
1,377,0,5080,92247
1,376,0,5080,92565
1,380,0,5080,90795
1,381,0,5080,90470
1,382,0,5080,90232
1,383,0,5080,90204
1,387,0,5080,90191
1,386,0,5080,89974
1,385,0,5080,89943
1,384,0,5080,90063
1,388,0,5080,90588
1,389,0,5080,91105
1,390,0,5080,91666
1,391,0,5080,92174
1,395,0,5080,91808
1,394,0,5080,92376
1,393,0,5080,92604
1,392,0,5080,92514
1,396,0,5080,90933
1,397,0,5080,89836
1,398,0,5080,88623
1,399,0,5080,87439
1,403,0,5080,89817
1,402,0,5080,88604
1,401,0,5080,87420
1,400,0,5080,86400
1,404,0,5080,90915
1,405,0,5080,91789
1,406,0,5080,92357
1,407,0,5080,92585
1,411,0,5080,91086
1,410,0,5080,91647
1,409,0,5080,92155
1,408,0,5080,92497
1,412,0,5080,90570
1,413,0,5080,90208
1,414,0,5080,89955
1,415,0,5080,89924
1,419,0,5080,89933
1,418,0,5080,89700
1,417,0,5080,89657
1,416,0,5080,89791
1,420,0,5080,90359
1,421,0,5080,90915
1,422,0,5080,91525
1,423,0,5080,92076
1,427,0,5080,91676
1,426,0,5080,92296
1,425,0,5080,92546
1,424,0,5080,92448
1,428,0,5080,90734
1,429,0,5080,89542
1,430,0,5080,88231
1,431,0,5080,86949
1,435,0,5080,89523
1,434,0,5080,88212
1,433,0,5080,86930
1,432,0,5080,85824
1,436,0,5080,90716
1,437,0,5080,91657
1,438,0,5080,92277
1,439,0,5080,92527
1,443,0,5080,90896
1,442,0,5080,91506
1,441,0,5080,92057
1,440,0,5080,92431
1,444,0,5080,90341
1,445,0,5080,89946
1,446,0,5080,89681
1,447,0,5080,89638
1,451,0,5080,89669
1,450,0,5080,89415
1,449,0,5080,89378
1,448,0,5080,89519
1,452,0,5080,90124
1,453,0,5080,90731
1,454,0,5080,91387
1,455,0,5080,91978
1,459,0,5080,91550
1,458,0,5080,92212
1,457,0,5080,92481
1,456,0,5080,92377
1,460,0,5080,90533
1,461,0,5080,89253
1,462,0,5080,87838
1,463,0,5080,86458
1,467,0,5080,89234
1,466,0,5080,87819
1,465,0,5080,86439
1,464,0,5080,85248
1,468,0,5080,90515
1,469,0,5080,91531
1,470,0,5080,92193
1,471,0,5080,92462
1,475,0,5080,90712
1,474,0,5080,91368
1,473,0,5080,91959
1,472,0,5080,92360
1,476,0,5080,90106
1,477,0,5080,89686
1,478,0,5080,89396
1,479,0,5080,89359
1,483,0,5080,89410
1,482,0,5080,89140
1,481,0,5080,89096
1,480,0,5080,89247
1,484,0,5080,89897
1,485,0,5080,90543
1,486,0,5080,91249
1,487,0,5080,91882
1,491,0,5080,91427
1,490,0,5080,92131
1,489,0,5080,92423
1,488,0,5080,92309
1,492,0,5080,90333
1,493,0,5080,88959
1,494,0,5080,87448
1,495,0,5080,85967
1,499,0,5080,88940
1,498,0,5080,87429
1,497,0,5080,85948
1,496,0,5080,84672
1,500,0,5080,90315
1,501,0,5080,91408
1,502,0,5080,92112
1,503,0,5080,92404
1,507,0,5080,90524
1,506,0,5080,91230
1,505,0,5080,91863
1,504,0,5080,92292
1,508,0,5080,89879
1,509,0,5080,89425
1,510,0,5080,89121
1,511,0,5080,89077
2,3,0,5100,93632
2,2,0,5100,93632
2,1,0,5100,93632
2,0,0,5100,93632
2,4,0,5100,93632
2,5,0,5100,93632
2,6,0,5100,93632
2,7,0,5100,93632
2,11,0,5100,93632
2,10,0,5100,93632
2,9,0,5100,93632
2,8,0,5100,93632
2,12,0,5100,93632
2,13,0,5100,93632
2,14,0,5100,93632
2,15,0,5100,93632
2,19,0,5100,93632
2,18,0,5100,93632
2,17,0,5100,93632
2,16,0,5100,93632
2,20,0,5100,93632
2,21,0,5100,93632
2,22,0,5100,93632
2,23,0,5100,93632
2,27,0,5100,93632
2,26,0,5100,93632
2,25,0,5100,93632
2,24,0,5100,93632
2,28,0,5100,93632
2,29,0,5100,93632
2,30,0,5100,93632
2,31,0,5100,93632
2,35,0,5100,93389
2,34,0,5100,93369
2,33,0,5100,93367
2,32,0,5100,93375
2,36,0,5100,93418
2,37,0,5100,93465
2,38,0,5100,93512
2,39,0,5100,93553
2,43,0,5100,93523
2,42,0,5100,93570
2,41,0,5100,93588
2,40,0,5100,93581
2,44,0,5100,93450
2,45,0,5100,93358
2,46,0,5100,93259
2,47,0,5100,93163
2,51,0,5100,93339
2,50,0,5100,93240
2,49,0,5100,93144
2,48,0,5100,93056
2,52,0,5100,93432
2,53,0,5100,93504
2,54,0,5100,93551
2,55,0,5100,93569
2,59,0,5100,93446
2,58,0,5100,93493
2,57,0,5100,93534
2,56,0,5100,93564
2,60,0,5100,93408
2,61,0,5100,93388
2,62,0,5100,93362
2,63,0,5100,93348
2,67,0,5100,93125
2,66,0,5100,93090
2,65,0,5100,93086
2,64,0,5100,93103
2,68,0,5100,93192
2,69,0,5100,93277
2,70,0,5100,93373
2,71,0,5100,93458
2,75,0,5100,93396
2,74,0,5100,93493
2,73,0,5100,93532
2,72,0,5100,93513
2,76,0,5100,93251
2,77,0,5100,93069
2,78,0,5100,92867
2,79,0,5100,92671
2,83,0,5100,93050
2,82,0,5100,92848
2,81,0,5100,92652
2,80,0,5100,92480
2,84,0,5100,93233
2,85,0,5100,93377
2,86,0,5100,93474
2,87,0,5100,93513
2,91,0,5100,93258
2,90,0,5100,93354
2,89,0,5100,93439
2,88,0,5100,93496
2,92,0,5100,93174
2,93,0,5100,93128
2,94,0,5100,93077
2,95,0,5100,93067
2,99,0,5100,92866
2,98,0,5100,92815
2,97,0,5100,92805
2,96,0,5100,92831
2,100,0,5100,92966
2,101,0,5100,93092
2,102,0,5100,93236
2,103,0,5100,93362
2,107,0,5100,93269
2,106,0,5100,93414
2,105,0,5100,93469
2,104,0,5100,93445
2,108,0,5100,93050
2,109,0,5100,92779
2,110,0,5100,92474
2,111,0,5100,92181
2,115,0,5100,92760
2,114,0,5100,92455
2,113,0,5100,92162
2,112,0,5100,91904
2,116,0,5100,93032
2,117,0,5100,93250
2,118,0,5100,93395
2,119,0,5100,93450
2,123,0,5100,93073
2,122,0,5100,93217
2,121,0,5100,93343
2,120,0,5100,93428
2,124,0,5100,92948
2,125,0,5100,92871
2,126,0,5100,92796
2,127,0,5100,92786
2,131,0,5100,92606
2,130,0,5100,92531
2,129,0,5100,92523
2,128,0,5100,92559
2,132,0,5100,92734
2,133,0,5100,92906
2,134,0,5100,93096
2,135,0,5100,93268
2,139,0,5100,93144
2,138,0,5100,93334
2,137,0,5100,93409
2,136,0,5100,93379
2,140,0,5100,92851
2,141,0,5100,92488
2,142,0,5100,92082
2,143,0,5100,91688
2,147,0,5100,92469
2,146,0,5100,92063
2,145,0,5100,91669
2,144,0,5100,91328
2,148,0,5100,92833
2,149,0,5100,93125
2,150,0,5100,93315
2,151,0,5100,93390
2,155,0,5100,92887
2,154,0,5100,93077
2,153,0,5100,93249
2,152,0,5100,93362
2,156,0,5100,92716
2,157,0,5100,92611
2,158,0,5100,92512
2,159,0,5100,92504
2,163,0,5100,92344
2,162,0,5100,92251
2,161,0,5100,92240
2,160,0,5100,92287
2,164,0,5100,92506
2,165,0,5100,92722
2,166,0,5100,92957
2,167,0,5100,93167
2,171,0,5100,93016
2,170,0,5100,93249
2,169,0,5100,93347
2,168,0,5100,93308
2,172,0,5100,92651
2,173,0,5100,92190
2,174,0,5100,91689
2,175,0,5100,91194
2,179,0,5100,92171
2,178,0,5100,91670
2,177,0,5100,91175
2,176,0,5100,90752
2,180,0,5100,92633
2,181,0,5100,92997
2,182,0,5100,93230
2,183,0,5100,93328
2,187,0,5100,92703
2,186,0,5100,92938
2,185,0,5100,93148
2,184,0,5100,93291
2,188,0,5100,92488
2,189,0,5100,92345
2,190,0,5100,92232
2,191,0,5100,92221
2,195,0,5100,92082
2,194,0,5100,91973
2,193,0,5100,91957
2,192,0,5100,92015
2,196,0,5100,92280
2,197,0,5100,92536
2,198,0,5100,92818
2,199,0,5100,93072
2,203,0,5100,92887
2,202,0,5100,93176
2,201,0,5100,93289
2,200,0,5100,93240
2,204,0,5100,92451
2,205,0,5100,91906
2,206,0,5100,91299
2,207,0,5100,90708
2,211,0,5100,91887
2,210,0,5100,91280
2,209,0,5100,90689
2,208,0,5100,90176
2,212,0,5100,92433
2,213,0,5100,92868
2,214,0,5100,93157
2,215,0,5100,93270
2,219,0,5100,92517
2,218,0,5100,92799
2,217,0,5100,93053
2,216,0,5100,93223
2,220,0,5100,92262
2,221,0,5100,92089
2,222,0,5100,91954
2,223,0,5100,91938
2,227,0,5100,91819
2,226,0,5100,91694
2,225,0,5100,91673
2,224,0,5100,91743
2,228,0,5100,92045
2,229,0,5100,92351
2,230,0,5100,92680
2,231,0,5100,92971
2,235,0,5100,92762
2,234,0,5100,93090
2,233,0,5100,93226
2,232,0,5100,93174
2,236,0,5100,92251
2,237,0,5100,91611
2,238,0,5100,90903
2,239,0,5100,90213
2,243,0,5100,91592
2,242,0,5100,90884
2,241,0,5100,90194
2,240,0,5100,89600
2,244,0,5100,92233
2,245,0,5100,92743
2,246,0,5100,93071
2,247,0,5100,93207
2,251,0,5100,92332
2,250,0,5100,92661
2,249,0,5100,92952
2,248,0,5100,93157
2,252,0,5100,92027
2,253,0,5100,91826
2,254,0,5100,91675
2,255,0,5100,91654
2,259,0,5100,91560
2,258,0,5100,91414
2,257,0,5100,91395
2,256,0,5100,91471
2,260,0,5100,91819
2,261,0,5100,92162
2,262,0,5100,92539
2,263,0,5100,92879
2,267,0,5100,92634
2,266,0,5100,93013
2,265,0,5100,93165
2,264,0,5100,93106
2,268,0,5100,92052
2,269,0,5100,91322
2,270,0,5100,90513
2,271,0,5100,89723
2,275,0,5100,91303
2,274,0,5100,90494
2,273,0,5100,89704
2,272,0,5100,89024
2,276,0,5100,92034
2,277,0,5100,92615
2,278,0,5100,92994
2,279,0,5100,93146
2,283,0,5100,92143
2,282,0,5100,92520
2,281,0,5100,92860
2,280,0,5100,93089
2,284,0,5100,91801
2,285,0,5100,91571
2,286,0,5100,91395
2,287,0,5100,91376
2,291,0,5100,91295
2,290,0,5100,91132
2,289,0,5100,91107
2,288,0,5100,91199
2,292,0,5100,91590
2,293,0,5100,91981
2,294,0,5100,92404
2,295,0,5100,92781
2,299,0,5100,92508
2,298,0,5100,92930
2,297,0,5100,93105
2,296,0,5100,93039
2,300,0,5100,91853
2,301,0,5100,91026
2,302,0,5100,90121
2,303,0,5100,89234
2,307,0,5100,91007
2,306,0,5100,90102
2,305,0,5100,89215
2,304,0,5100,88448
2,308,0,5100,91835
2,309,0,5100,92489
2,310,0,5100,92911
2,311,0,5100,93086
2,315,0,5100,91962
2,314,0,5100,92385
2,313,0,5100,92762
2,312,0,5100,93022
2,316,0,5100,91572
2,317,0,5100,91310
2,318,0,5100,91113
2,319,0,5100,91088
2,323,0,5100,91034
2,322,0,5100,90851
2,321,0,5100,90827
2,320,0,5100,90927
2,324,0,5100,91360
2,325,0,5100,91794
2,326,0,5100,92264
2,327,0,5100,92684
2,331,0,5100,92382
2,330,0,5100,92853
2,329,0,5100,93046
2,328,0,5100,92970
2,332,0,5100,91653
2,333,0,5100,90732
2,334,0,5100,89726
2,335,0,5100,88740
2,339,0,5100,90713
2,338,0,5100,89707
2,337,0,5100,88721
2,336,0,5100,87872
2,340,0,5100,91635
2,341,0,5100,92363
2,342,0,5100,92834
2,343,0,5100,93027
2,347,0,5100,91775
2,346,0,5100,92245
2,345,0,5100,92665
2,344,0,5100,92953
2,348,0,5100,91342
2,349,0,5100,91047
2,350,0,5100,90832
2,351,0,5100,90808
2,355,0,5100,90775
2,354,0,5100,90571
2,353,0,5100,90543
2,352,0,5100,90655
2,356,0,5100,91133
2,357,0,5100,91612
2,358,0,5100,92125
2,359,0,5100,92586
2,363,0,5100,92254
2,362,0,5100,92772
2,361,0,5100,92984
2,360,0,5100,92902
2,364,0,5100,91454
2,365,0,5100,90443
2,366,0,5100,89335
2,367,0,5100,88251
2,371,0,5100,90424
2,370,0,5100,89316
2,369,0,5100,88232
2,368,0,5100,87296
2,372,0,5100,91436
2,373,0,5100,92235
2,374,0,5100,92753
2,375,0,5100,92965
2,379,0,5100,91593
2,378,0,5100,92106
2,377,0,5100,92567
2,376,0,5100,92885
2,380,0,5100,91115
2,381,0,5100,90790
2,382,0,5100,90552
2,383,0,5100,90524
2,387,0,5100,90511
2,386,0,5100,90294
2,385,0,5100,90263
2,384,0,5100,90383
2,388,0,5100,90908
2,389,0,5100,91425
2,390,0,5100,91986
2,391,0,5100,92494
2,395,0,5100,92128
2,394,0,5100,92696
2,393,0,5100,92924
2,392,0,5100,92834
2,396,0,5100,91253
2,397,0,5100,90156
2,398,0,5100,88943
2,399,0,5100,87759
2,403,0,5100,90137
2,402,0,5100,88924
2,401,0,5100,87740
2,400,0,5100,86720
2,404,0,5100,91235
2,405,0,5100,92109
2,406,0,5100,92677
2,407,0,5100,92905
2,411,0,5100,91406
2,410,0,5100,91967
2,409,0,5100,92475
2,408,0,5100,92817
2,412,0,5100,90890
2,413,0,5100,90528
2,414,0,5100,90275
2,415,0,5100,90244
2,419,0,5100,90253
2,418,0,5100,90020
2,417,0,5100,89977
2,416,0,5100,90111
2,420,0,5100,90679
2,421,0,5100,91235
2,422,0,5100,91845
2,423,0,5100,92396
2,427,0,5100,91996
2,426,0,5100,92616
2,425,0,5100,92866
2,424,0,5100,92768
2,428,0,5100,91054
2,429,0,5100,89862
2,430,0,5100,88551
2,431,0,5100,87269
2,435,0,5100,89843
2,434,0,5100,88532
2,433,0,5100,87250
2,432,0,5100,86144
2,436,0,5100,91036
2,437,0,5100,91977
2,438,0,5100,92597
2,439,0,5100,92847
2,443,0,5100,91216
2,442,0,5100,91826
2,441,0,5100,92377
2,440,0,5100,92751
2,444,0,5100,90661
2,445,0,5100,90266
2,446,0,5100,90001
2,447,0,5100,89958
2,451,0,5100,89989
2,450,0,5100,89735
2,449,0,5100,89698
2,448,0,5100,89839
2,452,0,5100,90444
2,453,0,5100,91051
2,454,0,5100,91707
2,455,0,5100,92298
2,459,0,5100,91870
2,458,0,5100,92532
2,457,0,5100,92801
2,456,0,5100,92697
2,460,0,5100,90853
2,461,0,5100,89573
2,462,0,5100,88158
2,463,0,5100,86778
2,467,0,5100,89554
2,466,0,5100,88139
2,465,0,5100,86759
2,464,0,5100,85568
2,468,0,5100,90835
2,469,0,5100,91851
2,470,0,5100,92513
2,471,0,5100,92782
2,475,0,5100,91032
2,474,0,5100,91688
2,473,0,5100,92279
2,472,0,5100,92680
2,476,0,5100,90426
2,477,0,5100,90006
2,478,0,5100,89716
2,479,0,5100,89679
2,483,0,5100,89730
2,482,0,5100,89460
2,481,0,5100,89416
2,480,0,5100,89567
2,484,0,5100,90217
2,485,0,5100,90863
2,486,0,5100,91569
2,487,0,5100,92202
2,491,0,5100,91747
2,490,0,5100,92451
2,489,0,5100,92743
2,488,0,5100,92629
2,492,0,5100,90653
2,493,0,5100,89279
2,494,0,5100,87768
2,495,0,5100,86287
2,499,0,5100,89260
2,498,0,5100,87749
2,497,0,5100,86268
2,496,0,5100,84992
2,500,0,5100,90635
2,501,0,5100,91728
2,502,0,5100,92432
2,503,0,5100,92724
2,507,0,5100,90844
2,506,0,5100,91550
2,505,0,5100,92183
2,504,0,5100,92612
2,508,0,5100,90199
2,509,0,5100,89745
2,510,0,5100,89441
2,511,0,5100,89397
3,3,1,640,22272
3,2,1,640,22272
3,1,1,640,22272
3,0,1,640,22272
3,4,1,640,22272
3,5,1,640,22272
3,6,1,640,22272
3,7,1,640,22272
3,11,1,640,22272
3,10,1,640,22272
3,9,1,640,22272
3,8,1,640,22272
3,12,1,640,22272
3,13,1,640,22272
3,14,1,640,22272
3,15,1,640,22272
3,19,1,640,22272
3,18,1,640,22272
3,17,1,640,22272
3,16,1,640,22272
3,20,1,640,22272
3,21,1,640,22272
3,22,1,640,22272
3,23,1,640,22272
3,27,1,640,22272
3,26,1,640,22272
3,25,1,640,22272
3,24,1,640,22272
3,28,1,640,22272
3,29,1,640,22272
3,30,1,640,22272
3,31,1,640,22272
3,35,1,515,20029
3,34,1,521,20105
3,33,1,521,20103
3,32,1,521,20111
3,36,1,518,20106
3,37,1,521,20201
3,38,1,524,20296
3,39,1,527,20385
3,43,1,545,20643
3,42,1,545,20690
3,41,1,539,20612
3,40,1,533,20509
3,44,1,545,20570
3,45,1,545,20478
3,46,1,548,20427
3,47,1,554,20427
3,51,1,640,21979
3,50,1,643,21928
3,49,1,649,21928
3,48,1,655,21936
3,52,1,640,22072
3,53,1,640,22144
3,54,1,640,22191
3,55,1,634,22113
3,59,1,616,21702
3,58,1,619,21797
3,57,1,622,21886
3,56,1,628,22012
3,60,1,608,21536
3,61,1,600,21388
3,62,1,601,21378
3,63,1,596,21284
3,67,1,518,19813
3,66,1,521,19826
3,65,1,521,19822
3,64,1,521,19839
3,68,1,518,19880
3,69,1,521,20013
3,70,1,509,19917
3,71,1,495,19778
3,75,1,523,20164
3,74,1,505,19973
3,73,1,494,19836
3,72,1,488,19721
3,76,1,548,20419
3,77,1,556,20365
3,78,1,577,20499
3,79,1,593,20559
3,83,1,696,22586
3,82,1,687,22240
3,81,1,688,22060
3,80,1,694,21984
3,84,1,703,22881
3,85,1,693,22865
3,86,1,680,22754
3,87,1,674,22697
3,91,1,616,21514
3,90,1,619,21658
3,89,1,655,22319
3,88,1,673,22664
3,92,1,613,21382
3,93,1,603,21176
3,94,1,601,21093
3,95,1,606,21163
3,99,1,493,19154
3,98,1,501,19231
3,97,1,516,19461
3,96,1,521,19567
3,100,1,483,19094
3,101,1,476,19108
3,102,1,474,19220
3,103,1,470,19282
3,107,1,515,19909
3,106,1,498,19782
3,105,1,480,19549
3,104,1,479,19509
3,108,1,525,19850
3,109,1,564,20203
3,110,1,598,20442
3,111,1,632,20693
3,115,1,749,23144
3,114,1,743,22743
3,113,1,727,22194
3,112,1,730,21984
3,116,1,745,23352
3,117,1,755,23730
3,118,1,753,23843
3,119,1,735,23610
3,123,1,656,21969
3,122,1,669,22321
3,121,1,685,22703
3,120,1,694,22932
3,124,1,648,21716
3,125,1,628,21319
3,126,1,621,21132
3,127,1,611,20962
3,131,1,478,18654
3,130,1,486,18707
3,129,1,491,18779
3,128,1,496,18895
3,132,1,473,18702
3,133,1,472,18858
3,134,1,459,18840
3,135,1,448,18836
3,139,1,501,19560
3,138,1,464,19158
3,137,1,462,19201
3,136,1,447,18931
3,140,1,534,19795
3,141,1,577,20120
3,142,1,619,20386
3,143,1,655,20568
3,147,1,807,23781
3,146,1,794,23167
3,145,1,770,22389
3,144,1,775,22128
3,148,1,819,24337
3,149,1,811,24501
3,150,1,794,24419
3,151,1,772,24142
3,155,1,677,22119
3,154,1,704,22741
3,153,1,738,23457
3,152,1,762,23954
3,156,1,658,21644
3,157,1,648,21379
3,158,1,636,21088
3,159,1,631,21000
3,163,1,480,18424
3,162,1,490,18491
3,161,1,486,18416
3,160,1,491,18543
3,164,1,460,18266
3,165,1,441,18178
3,166,1,426,18173
3,167,1,423,18335
3,171,1,482,19128
3,170,1,456,18945
3,169,1,423,18515
3,168,1,408,18236
3,172,1,535,19611
3,173,1,580,19870
3,174,1,638,20297
3,175,1,684,20538
3,179,1,870,24491
3,178,1,848,23638
3,177,1,814,22599
3,176,1,808,22080
3,180,1,885,25193
3,181,1,872,25349
3,182,1,861,25406
3,183,1,828,24976
3,187,1,721,22639
3,186,1,741,23194
3,185,1,763,23756
3,184,1,803,24539
3,188,1,695,22008
3,189,1,670,21465
3,190,1,655,21112
3,191,1,641,20877
3,195,1,450,17682
3,194,1,466,17829
3,193,1,483,18085
3,192,1,490,18255
3,196,1,432,17592
3,197,1,412,17528
3,198,1,401,17634
3,199,1,384,17616
3,203,1,477,18919
3,202,1,434,18520
3,201,1,407,18201
3,200,1,398,18008
3,204,1,520,19171
3,205,1,583,19634
3,206,1,651,20115
3,207,1,721,20644
3,211,1,928,25135
3,210,1,901,24096
3,209,1,866,22945
3,208,1,850,22176
3,212,1,930,25713
3,213,1,937,26260
3,214,1,914,26181
3,215,1,892,25942
3,219,1,727,22549
3,218,1,766,23455
3,217,1,814,24477
3,216,1,848,25191
3,220,1,717,22134
3,221,1,700,21689
3,222,1,686,21330
3,223,1,668,21026
3,227,1,432,17131
3,226,1,450,17294
3,225,1,469,17577
3,224,1,479,17807
3,228,1,422,17197
3,229,1,385,16911
3,230,1,369,16984
3,231,1,378,17419
3,235,1,455,18442
3,234,1,420,18210
3,233,1,472,19178
3,232,1,364,17398
3,236,1,526,19067
3,237,1,591,19467
3,238,1,675,20103
3,239,1,750,20613
3,243,1,991,25848
3,242,1,960,24644
3,241,1,910,23154
3,240,1,886,22176
3,244,1,1001,26649
3,245,1,995,27063
3,246,1,975,27071
3,247,1,936,26583
3,251,1,765,22972
3,250,1,799,23845
3,249,1,843,24840
3,248,1,894,25861
3,252,1,727,22059
3,253,1,712,21618
3,254,1,695,21195
3,255,1,694,21158
3,259,1,414,16584
3,258,1,440,16854
3,257,1,458,17123
3,256,1,458,17199
3,260,1,386,16395
3,261,1,368,16450
3,262,1,351,16555
3,263,1,342,16751
3,267,1,545,19754
3,266,1,398,17781
3,265,1,455,18845
3,264,1,522,19858
3,268,1,524,18836
3,269,1,595,19242
3,270,1,685,19873
3,271,1,770,20443
3,275,1,1035,26263
3,274,1,1010,25054
3,273,1,955,23384
3,272,1,940,22464
3,276,1,1064,27458
3,277,1,1054,27879
3,278,1,1033,27922
3,279,1,994,27450
3,283,1,793,23231
3,282,1,846,24456
3,281,1,897,25612
3,280,1,935,26449
3,284,1,751,22217
3,285,1,724,21555
3,286,1,705,21075
3,287,1,688,20784
3,291,1,403,16143
3,290,1,410,16092
3,289,1,441,16563
3,288,1,457,16911
3,292,1,378,16038
3,293,1,347,15933
3,294,1,321,15940
3,295,1,404,17645
3,299,1,438,17916
3,298,1,662,21922
3,297,1,625,21505
3,296,1,695,22559
3,300,1,507,18365
3,301,1,604,19090
3,302,1,704,19785
3,303,1,808,20562
3,307,1,1104,27071
3,306,1,1064,25526
3,305,1,1013,23823
3,304,1,967,22320
3,308,1,1117,28107
3,309,1,1113,28697
3,310,1,1099,28895
3,311,1,1052,28318
3,315,1,827,23594
3,314,1,876,24801
3,313,1,933,26090
3,312,1,1006,27518
3,316,1,783,22500
3,317,1,753,21758
3,318,1,735,21273
3,319,1,716,20944
3,323,1,394,15738
3,322,1,414,15875
3,321,1,431,16123
3,320,1,441,16383
3,324,1,357,15472
3,325,1,333,15522
3,326,1,390,16904
3,327,1,571,20220
3,331,1,609,20526
3,330,1,645,21573
3,329,1,674,22230
3,328,1,757,23482
3,332,1,511,18229
3,333,1,618,19020
3,334,1,731,19822
3,335,1,834,20484
3,339,1,1168,27801
3,338,1,1126,26123
3,337,1,1054,23985
3,336,1,1006,22368
3,340,1,1196,29171
3,341,1,1177,29595
3,342,1,1147,29586
3,343,1,1105,29107
3,347,1,858,23903
3,346,1,904,25109
3,345,1,968,26553
3,344,1,1042,28025
3,348,1,817,22814
3,349,1,774,21831
3,350,1,754,21296
3,351,1,726,20824
3,355,1,356,14871
3,354,1,404,15435
3,353,1,420,15663
3,352,1,430,15935
3,356,1,331,14829
3,357,1,388,16220
3,358,1,561,19501
3,359,1,922,25738
3,363,1,593,20142
3,362,1,721,22708
3,361,1,868,25272
3,360,1,733,23030
3,364,1,508,17982
3,365,1,616,18699
3,366,1,749,19719
3,367,1,866,20507
3,371,1,1145,27144
3,370,1,1174,26500
3,369,1,1106,24328
3,368,1,1045,22416
3,372,1,1248,29804
3,373,1,1246,30571
3,374,1,1202,30385
3,375,1,1152,29797
3,379,1,877,24025
3,378,1,943,25594
3,377,1,1020,27287
3,376,1,1078,28533
3,380,1,831,22811
3,381,1,791,21846
3,382,1,764,21176
3,383,1,755,21004
3,387,1,346,14447
3,386,1,380,14774
3,385,1,415,15303
3,384,1,430,15663
3,388,1,410,15868
3,389,1,558,18753
3,390,1,825,23586
3,391,1,908,25422
3,395,1,681,21424
3,394,1,796,23832
3,393,1,834,24668
3,392,1,905,25714
3,396,1,582,18965
3,397,1,623,18524
3,398,1,757,19455
3,399,1,889,20383
3,403,1,995,24457
3,402,1,1136,25500
3,401,1,1149,24524
3,400,1,1090,22560
3,404,1,1114,27459
3,405,1,1212,29901
3,406,1,1266,31333
3,407,1,1203,30553
3,411,1,910,24366
3,410,1,984,26111
3,409,1,1051,27691
3,408,1,1133,29345
3,412,1,854,22954
3,413,1,816,21984
3,414,1,795,21395
3,415,1,760,20804
3,419,1,422,15405
3,418,1,362,14212
3,417,1,398,14745
3,416,1,419,15215
3,420,1,486,16855
3,421,1,741,21491
3,422,1,798,23013
3,423,1,962,26188
3,427,1,669,21100
3,426,1,765,23256
3,425,1,812,24258
3,424,1,877,25200
3,428,1,583,18782
3,429,1,629,18326
3,430,1,766,19207
3,431,1,921,20405
3,435,1,965,23683
3,434,1,1094,24436
3,433,1,1201,24866
3,432,1,1123,22512
3,436,1,993,25324
3,437,1,1063,27385
3,438,1,1320,32117
3,439,1,1256,31343
3,443,1,931,24512
3,442,1,1017,26498
3,441,1,1099,28361
3,440,1,1190,30191
3,444,1,879,23125
3,445,1,831,21962
3,446,1,802,21233
3,447,1,783,20886
3,451,1,501,16405
3,450,1,341,13591
3,449,1,391,14354
3,448,1,409,14783
3,452,1,567,17916
3,453,1,805,22331
3,454,1,856,23803
3,455,1,1045,27418
3,459,1,742,22142
3,458,1,850,24532
3,457,1,878,25249
3,456,1,852,24729
3,460,1,690,20293
3,461,1,637,18165
3,462,1,797,19310
3,463,1,955,20458
3,467,1,1023,24322
3,466,1,958,21867
3,465,1,1245,25079
3,464,1,1162,22560
3,468,1,963,24643
3,469,1,943,25339
3,470,1,1379,32977
3,471,1,1321,32318
3,475,1,974,25016
3,474,1,1039,26712
3,473,1,1136,28855
3,472,1,1210,30440
3,476,1,894,23130
3,477,1,859,22150
3,478,1,821,21252
3,479,1,796,20815
3,483,1,582,17442
3,482,1,436,14836
3,481,1,378,13864
3,480,1,394,14271
3,484,1,730,20297
3,485,1,785,21823
3,486,1,1029,26433
3,487,1,1016,26858
3,491,1,819,23251
3,490,1,823,24019
3,489,1,862,24935
3,488,1,911,25605
3,492,1,670,19773
3,493,1,632,17791
3,494,1,808,19096
3,495,1,976,20303
3,499,1,987,23452
3,498,1,923,20917
3,497,1,1109,22412
3,496,1,1198,22560
3,500,1,912,23627
3,501,1,812,23120
3,502,1,962,26224
3,503,1,1355,32804
3,507,1,994,25148
3,506,1,1080,27230
3,505,1,1177,29415
3,504,1,1278,31460
3,508,1,930,23479
3,509,1,874,22129
3,510,1,840,21281
3,511,1,798,20565
4,3,1,0,12032
4,2,1,0,12032
4,1,1,0,12032
4,0,1,0,12032
4,4,1,0,12032
4,5,1,0,12032
4,6,1,0,12032
4,7,1,0,12032
4,11,1,0,12032
4,10,1,0,12032
4,9,1,0,12032
4,8,1,0,12032
4,12,1,0,12032
4,13,1,0,12032
4,14,1,0,12032
4,15,1,0,12032
4,19,1,0,12032
4,18,1,0,12032
4,17,1,0,12032
4,16,1,0,12032
4,20,1,0,12032
4,21,1,0,12032
4,22,1,0,12032
4,23,1,0,12032
4,27,1,0,12032
4,26,1,0,12032
4,25,1,0,12032
4,24,1,0,12032
4,28,1,0,12032
4,29,1,0,12032
4,30,1,0,12032
4,31,1,0,12032
4,35,1,0,11789
4,34,1,0,11769
4,33,1,0,11767
4,32,1,0,11775
4,36,1,0,11818
4,37,1,0,11865
4,38,1,0,11912
4,39,1,0,11953
4,43,1,0,11923
4,42,1,0,11970
4,41,1,0,11988
4,40,1,0,11981
4,44,1,0,11850
4,45,1,0,11758
4,46,1,0,11659
4,47,1,0,11563
4,51,1,0,11739
4,50,1,0,11640
4,49,1,0,11544
4,48,1,0,11456
4,52,1,0,11832
4,53,1,0,11904
4,54,1,0,11951
4,55,1,0,11969
4,59,1,0,11846
4,58,1,0,11893
4,57,1,0,11934
4,56,1,0,11964
4,60,1,0,11808
4,61,1,0,11788
4,62,1,0,11762
4,63,1,0,11748
4,67,1,0,11525
4,66,1,0,11490
4,65,1,0,11486
4,64,1,0,11503
4,68,1,0,11592
4,69,1,0,11677
4,70,1,0,11773
4,71,1,0,11858
4,75,1,0,11796
4,74,1,0,11893
4,73,1,0,11932
4,72,1,0,11913
4,76,1,0,11651
4,77,1,0,11469
4,78,1,0,11267
4,79,1,0,11071
4,83,1,0,11450
4,82,1,0,11248
4,81,1,0,11052
4,80,1,0,10880
4,84,1,0,11633
4,85,1,0,11777
4,86,1,0,11874
4,87,1,0,11913
4,91,1,0,11658
4,90,1,0,11754
4,89,1,0,11839
4,88,1,0,11896
4,92,1,0,11574
4,93,1,0,11528
4,94,1,0,11477
4,95,1,0,11467
4,99,1,0,11266
4,98,1,0,11215
4,97,1,0,11205
4,96,1,0,11231
4,100,1,0,11366
4,101,1,0,11492
4,102,1,0,11636
4,103,1,0,11762
4,107,1,0,11669
4,106,1,0,11814
4,105,1,0,11869
4,104,1,0,11845
4,108,1,0,11450
4,109,1,0,11179
4,110,1,0,10874
4,111,1,0,10581
4,115,1,0,11160
4,114,1,0,10855
4,113,1,0,10562
4,112,1,0,10304
4,116,1,0,11432
4,117,1,0,11650
4,118,1,0,11795
4,119,1,0,11850
4,123,1,0,11473
4,122,1,0,11617
4,121,1,0,11743
4,120,1,0,11828
4,124,1,0,11348
4,125,1,0,11271
4,126,1,0,11196
4,127,1,0,11186
4,131,1,0,11006
4,130,1,0,10931
4,129,1,0,10923
4,128,1,0,10959
4,132,1,0,11134
4,133,1,0,11306
4,134,1,0,11496
4,135,1,0,11668
4,139,1,0,11544
4,138,1,0,11734
4,137,1,0,11809
4,136,1,0,11779
4,140,1,0,11251
4,141,1,0,10888
4,142,0,508,18610
4,143,0,1016,26344
4,147,1,0,10869
4,146,0,508,18591
4,145,0,508,18197
4,144,1,0,9728
4,148,1,0,11233
4,149,1,0,11525
4,150,1,0,11715
4,151,1,0,11790
4,155,1,0,11287
4,154,1,0,11477
4,153,1,0,11649
4,152,1,0,11762
4,156,1,0,11116
4,157,1,0,11011
4,158,1,0,10912
4,159,1,0,10904
4,163,1,0,10744
4,162,1,0,10651
4,161,1,0,10640
4,160,1,0,10687
4,164,1,0,10906
4,165,1,0,11122
4,166,1,0,11357
4,167,1,0,11567
4,171,1,0,11416
4,170,1,0,11649
4,169,1,0,11747
4,168,1,0,11708
4,172,1,0,11051
4,173,0,1016,26846
4,174,0,1778,38537
4,175,0,1778,38042
4,179,0,1016,26827
4,178,0,1778,38518
4,177,0,762,21767
4,176,1,0,9152
4,180,1,0,11033
4,181,1,0,11397
4,182,1,0,11630
4,183,1,0,11728
4,187,1,0,11103
4,186,1,0,11338
4,185,1,0,11548
4,184,1,0,11691
4,188,1,0,10888
4,189,1,0,10745
4,190,1,0,10632
4,191,1,0,10621
4,195,1,0,10482
4,194,1,0,10373
4,193,1,0,10357
4,192,1,0,10415
4,196,1,0,10680
4,197,1,0,10936
4,198,1,0,11218
4,199,1,0,11472
4,203,1,0,11287
4,202,1,0,11576
4,201,1,0,11689
4,200,1,0,11640
4,204,1,0,10851
4,205,0,2032,42818
4,206,0,2286,46275
4,207,0,2540,49748
4,211,0,2032,42799
4,210,0,2286,46256
4,209,0,1270,29409
4,208,1,0,8576
4,212,1,0,10833
4,213,1,0,11268
4,214,1,0,11557
4,215,1,0,11670
4,219,1,0,10917
4,218,1,0,11199
4,217,1,0,11453
4,216,1,0,11623
4,220,1,0,10662
4,221,1,0,10489
4,222,1,0,10354
4,223,1,0,10338
4,227,1,0,10219
4,226,1,0,10094
4,225,1,0,10073
4,224,1,0,10143
4,228,1,0,10445
4,229,1,0,10751
4,230,1,0,11080
4,231,1,0,11371
4,235,1,0,11162
4,234,1,0,11490
4,233,1,0,11626
4,232,1,0,11574
4,236,0,2540,51291
4,237,0,2794,54715
4,238,0,2794,54007
4,239,0,2794,53317
4,243,0,2794,54696
4,242,0,2540,49924
4,241,0,1524,32978
4,240,1,0,8000
4,244,0,2540,51273
4,245,1,0,11143
4,246,1,0,11471
4,247,1,0,11607
4,251,1,0,10732
4,250,1,0,11061
4,249,1,0,11352
4,248,1,0,11557
4,252,1,0,10427
4,253,1,0,10226
4,254,1,0,10075
4,255,1,0,10054
4,259,1,0,9960
4,258,1,0,9814
4,257,1,0,9795
4,256,1,0,9871
4,260,1,0,10219
4,261,1,0,10562
4,262,1,0,10939
4,263,1,0,11279
4,267,0,1524,35418
4,266,1,0,11413
4,265,1,0,11565
4,264,1,0,11506
4,268,0,3048,59220
4,269,0,3048,58490
4,270,0,3048,57681
4,271,0,3048,56891
4,275,0,3048,58471
4,274,0,2794,53598
4,273,0,1778,36552
4,272,1,0,7424
4,276,0,3048,59202
4,277,0,1524,35399
4,278,1,0,11394
4,279,1,0,11546
4,283,1,0,10543
4,282,1,0,10920
4,281,1,0,11260
4,280,1,0,11489
4,284,1,0,10201
4,285,1,0,9971
4,286,1,0,9795
4,287,1,0,9776
4,291,1,0,9695
4,290,1,0,9532
4,289,1,0,9507
4,288,1,0,9599
4,292,1,0,9990
4,293,1,0,10381
4,294,1,0,10804
4,295,1,0,11181
4,299,0,2540,51548
4,298,0,762,23522
4,297,1,0,11505
4,296,1,0,11439
4,300,0,3302,63085
4,301,0,3302,62258
4,302,0,3302,61353
4,303,0,3302,60466
4,307,0,3302,62239
4,306,0,2794,53206
4,305,0,2032,40127
4,304,1,0,6848
4,308,0,3302,63067
4,309,0,2540,51529
4,310,0,762,23503
4,311,1,0,11486
4,315,1,0,10362
4,314,1,0,10785
4,313,1,0,11162
4,312,1,0,11422
4,316,1,0,9972
4,317,1,0,9710
4,318,1,0,9513
4,319,1,0,9488
4,323,1,0,9434
4,322,1,0,9251
4,321,1,0,9227
4,320,1,0,9327
4,324,1,0,9760
4,325,1,0,10194
4,326,1,0,10664
4,327,1,0,11084
4,331,0,3048,59550
4,330,0,1778,39701
4,329,1,0,11446
4,328,1,0,11370
4,332,0,3556,66949
4,333,0,3556,66028
4,334,0,3556,65022
4,335,0,3556,64036
4,339,0,3302,61945
4,338,0,3048,56875
4,337,0,2032,39633
4,336,1,0,6272
4,340,0,3556,66931
4,341,0,3048,59531
4,342,0,1778,39682
4,343,1,0,11427
4,347,1,0,10175
4,346,1,0,10645
4,345,1,0,11065
4,344,1,0,11353
4,348,1,0,9742
4,349,1,0,9447
4,350,1,0,9232
4,351,1,0,9208
4,355,1,0,9175
4,354,1,0,8971
4,353,1,0,8943
4,352,1,0,9055
4,356,1,0,9533
4,357,1,0,10012
4,358,1,0,10525
4,359,1,0,10986
4,363,0,3556,67550
4,362,0,2286,47748
4,361,0,1270,31704
4,360,1,0,11302
4,364,0,3556,66750
4,365,0,3810,69803
4,366,0,3810,68695
4,367,0,3810,67611
4,371,0,3556,65720
4,370,0,3048,56484
4,369,0,2286,43208
4,368,1,0,5696
4,372,0,3556,66732
4,373,0,3556,67531
4,374,0,2286,47729
4,375,0,1270,31685
4,379,1,0,9993
4,378,1,0,10506
4,377,1,0,10967
4,376,1,0,11285
4,380,1,0,9515
4,381,1,0,9190
4,382,1,0,8952
4,383,1,0,8924
4,387,1,0,8911
4,386,1,0,8694
4,385,1,0,8663
4,384,1,0,8783
4,388,1,0,9308
4,389,1,0,9825
4,390,1,0,10386
4,391,1,0,10894
4,395,0,3810,71488
4,394,0,2794,55800
4,393,0,1778,39772
4,392,0,1016,27490
4,396,0,3810,70613
4,397,0,3810,69516
4,398,0,3810,68303
4,399,0,3810,67119
4,403,0,3556,65433
4,402,0,3302,60156
4,401,0,2286,42716
4,400,1,0,5120
4,404,0,3810,70595
4,405,0,3810,71469
4,406,0,2794,55781
4,407,0,1778,39753
4,411,1,0,9806
4,410,1,0,10367
4,409,1,0,10875
4,408,0,1016,27473
4,412,1,0,9290
4,413,1,0,8928
4,414,1,0,8675
4,415,1,0,8644
4,419,1,0,8653
4,418,1,0,8420
4,417,1,0,8377
4,416,1,0,8511
4,420,1,0,9079
4,421,1,0,9635
4,422,1,0,10245
4,423,0,508,18924
4,427,0,3810,71356
4,426,0,2794,55720
4,425,0,2032,43778
4,424,0,1524,35552
4,428,0,3810,70414
4,429,0,3810,69222
4,430,0,4064,71975
4,431,0,4064,70693
4,435,0,3556,65139
4,434,0,3302,59764
4,433,0,2540,46290
4,432,1,0,4544
4,436,0,3810,70396
4,437,0,3810,71337
4,438,0,2794,55701
4,439,0,2032,43759
4,443,1,0,9616
4,442,1,0,10226
4,441,0,508,18905
4,440,0,1524,35535
4,444,1,0,9061
4,445,1,0,8666
4,446,1,0,8401
4,447,1,0,8358
4,451,1,0,8389
4,450,1,0,8135
4,449,1,0,8098
4,448,1,0,8239
4,452,1,0,8844
4,453,1,0,9451
4,454,1,0,10107
4,455,0,1016,26954
4,459,0,4064,75294
4,458,0,3302,63764
4,457,0,2286,47777
4,456,0,1524,35481
4,460,0,4064,74277
4,461,0,4064,72997
4,462,0,4064,71582
4,463,0,4064,70202
4,467,0,3556,64850
4,466,0,3302,59371
4,465,0,2540,45799
4,464,1,0,3968
4,468,0,3810,70195
4,469,0,4064,75275
4,470,0,3302,63745
4,471,0,2286,47758
4,475,1,0,9432
4,474,1,0,10088
4,473,0,1016,26935
4,472,0,1524,35464
4,476,1,0,8826
4,477,1,0,8406
4,478,1,0,8116
4,479,1,0,8079
4,483,1,0,8130
4,482,1,0,7860
4,481,1,0,7816
4,480,1,0,7967
4,484,1,0,8617
4,485,1,0,9263
4,486,0,762,22161
4,487,0,1524,34986
4,491,0,4064,75171
4,490,0,3302,63683
4,489,0,2540,51783
4,488,0,2032,43541
4,492,0,4064,74077
4,493,0,4064,72703
4,494,0,4064,71192
4,495,0,4064,69711
4,499,0,3810,68620
4,498,0,3302,58981
4,497,0,2794,49372
4,496,1,0,3392
4,500,0,3810,69995
4,501,0,4064,75152
4,502,0,3302,63664
4,503,0,2540,51764
4,507,1,0,9244
4,506,0,762,22142
4,505,0,1524,34967
4,504,0,2032,43524
4,508,1,0,8599
4,509,1,0,8145
4,510,1,0,7841
4,511,1,0,7797
5,3,1,0,12032
5,2,1,0,12032
5,1,1,0,12032
5,0,1,0,12032
5,4,1,0,12032
5,5,1,0,12032
5,6,1,0,12032
5,7,1,0,12032
5,11,1,0,12032
5,10,1,0,12032
5,9,1,0,12032
5,8,1,0,12032
5,12,1,0,12032
5,13,1,0,12032
5,14,1,0,12032
5,15,1,0,12032
5,19,1,0,12032
5,18,1,0,12032
5,17,1,0,12032
5,16,1,0,12032
5,20,1,0,12032
5,21,1,0,12032
5,22,1,0,12032
5,23,1,0,12032
5,27,1,0,12032
5,26,1,0,12032
5,25,1,0,12032
5,24,1,0,12032
5,28,1,0,12032
5,29,1,0,12032
5,30,1,0,12032
5,31,1,0,12032
5,35,1,0,11789
5,34,1,0,11769
5,33,1,0,11767
5,32,1,0,11775
5,36,1,0,11818
5,37,1,0,11865
5,38,1,0,11912
5,39,1,0,11953
5,43,1,0,11923
5,42,1,0,11970
5,41,1,0,11988
5,40,1,0,11981
5,44,1,0,11850
5,45,1,0,11758
5,46,1,0,11659
5,47,1,0,11563
5,51,1,0,11739
5,50,1,0,11640
5,49,1,0,11544
5,48,1,0,11456
5,52,1,0,11832
5,53,1,0,11904
5,54,1,0,11951
5,55,1,0,11969
5,59,1,0,11846
5,58,1,0,11893
5,57,1,0,11934
5,56,1,0,11964
5,60,1,0,11808
5,61,1,0,11788
5,62,1,0,11762
5,63,1,0,11748
5,67,1,0,11525
5,66,1,0,11490
5,65,1,0,11486
5,64,1,0,11503
5,68,1,0,11592
5,69,1,0,11677
5,70,1,0,11773
5,71,1,0,11858
5,75,1,0,11796
5,74,1,0,11893
5,73,1,0,11932
5,72,1,0,11913
5,76,1,0,11651
5,77,1,0,11469
5,78,1,0,11267
5,79,1,0,11071
5,83,1,0,11450
5,82,0,254,15312
5,81,1,0,11052
5,80,1,0,10880
5,84,1,0,11633
5,85,1,0,11777
5,86,1,0,11874
5,87,1,0,11913
5,91,1,0,11658
5,90,1,0,11754
5,89,1,0,11839
5,88,1,0,11896
5,92,1,0,11574
5,93,1,0,11528
5,94,1,0,11477
5,95,1,0,11467
5,99,1,0,11266
5,98,1,0,11215
5,97,1,0,11205
5,96,1,0,11231
5,100,1,0,11366
5,101,1,0,11492
5,102,1,0,11636
5,103,1,0,11762
5,107,1,0,11669
5,106,1,0,11814
5,105,1,0,11869
5,104,1,0,11845
5,108,1,0,11450
5,109,1,0,11179
5,110,1,0,10874
5,111,0,1016,26837
5,115,0,1524,35544
5,114,0,762,23047
5,113,1,0,10562
5,112,1,0,10304
5,116,1,0,11432
5,117,1,0,11650
5,118,1,0,11795
5,119,1,0,11850
5,123,1,0,11473
5,122,1,0,11617
5,121,1,0,11743
5,120,1,0,11828
5,124,1,0,11348
5,125,1,0,11271
5,126,1,0,11196
5,127,1,0,11186
5,131,1,0,11006
5,130,1,0,10931
5,129,1,0,10923
5,128,1,0,10959
5,132,1,0,11134
5,133,1,0,11306
5,134,1,0,11496
5,135,1,0,11668
5,139,1,0,11544
5,138,1,0,11734
5,137,1,0,11809
5,136,1,0,11779
5,140,1,0,11251
5,141,1,0,10888
5,142,0,508,18610
5,143,0,1016,26344
5,147,0,1778,39317
5,146,1,0,10463
5,145,0,508,18197
5,144,0,1016,25984
5,148,0,1270,31553
5,149,0,1524,35909
5,150,1,0,11715
5,151,1,0,11790
5,155,1,0,11287
5,154,1,0,11477
5,153,1,0,11649
5,152,1,0,11762
5,156,1,0,11116
5,157,1,0,11011
5,158,1,0,10912
5,159,1,0,10904
5,163,1,0,10744
5,162,1,0,10651
5,161,1,0,10640
5,160,1,0,10687
5,164,1,0,10906
5,165,0,254,15186
5,166,0,762,23549
5,167,1,0,11567
5,171,1,0,11416
5,170,1,0,11649
5,169,0,254,15811
5,168,0,762,23900
5,172,0,1016,27307
5,173,0,254,14654
5,174,0,762,22281
5,175,0,2032,42106
5,179,0,508,18699
5,178,1,0,10070
5,177,0,762,21767
5,176,0,762,21344
5,180,0,1778,39481
5,181,0,1016,27653
5,182,0,1778,40078
5,183,0,508,19856
5,187,0,254,15167
5,186,0,762,23530
5,185,0,254,15612
5,184,1,0,11691
5,188,1,0,10888
5,189,1,0,10745
5,190,1,0,10632
5,191,1,0,10621
5,195,0,254,14546
5,194,1,0,10373
5,193,1,0,10357
5,192,1,0,10415
5,196,0,508,18808
5,197,0,762,23128
5,198,0,762,23410
5,199,0,762,23664
5,203,0,508,19415
5,202,0,254,15640
5,201,1,0,11689
5,200,0,762,23832
5,204,0,508,18979
5,205,0,1524,34690
5,206,0,1016,25955
5,207,0,762,21300
5,211,1,0,10287
5,210,1,0,9680
5,209,0,762,21281
5,208,0,762,20768
5,212,0,762,23025
5,213,0,2286,47844
5,214,0,1016,27813
5,215,0,1524,36054
5,219,0,508,19045
5,218,0,508,19327
5,217,0,254,15517
5,216,0,1270,31943
5,220,0,508,18790
5,221,0,254,14553
5,222,1,0,10354
5,223,1,0,10338
5,227,0,762,22411
5,226,0,254,14158
5,225,1,0,10073
5,224,1,0,10143
5,228,0,508,18573
5,229,0,1016,27007
5,230,0,1016,27336
5,231,0,508,19499
5,235,0,762,23354
5,234,0,762,23682
5,233,0,508,19754
5,232,1,0,11574
5,236,0,1524,35035
5,237,0,1016,26267
5,238,0,1524,33687
5,239,0,762,20805
5,243,0,254,14056
5,242,0,254,13348
5,241,0,508,16722
5,240,0,1016,24256
5,244,1,0,10633
5,245,0,1016,27399
5,246,0,2286,48047
5,247,0,1524,35991
5,251,0,762,22924
5,250,0,508,19189
5,249,0,1016,27608
5,248,0,1270,31877
5,252,0,508,18555
5,253,0,762,22418
5,254,0,254,14139
5,255,1,0,10054
5,259,0,762,22152
5,258,0,508,17942
5,257,0,508,17923
5,256,0,508,17999
5,260,0,1016,26475
5,261,0,1016,26818
5,262,0,508,19067
5,263,1,0,11279
5,267,0,508,19162
5,266,0,508,19541
5,265,0,1016,27821
5,264,0,762,23698
5,268,0,1270,30772
5,269,0,762,21914
5,270,0,1016,25169
5,271,0,508,16251
5,275,0,508,17831
5,274,0,762,21086
5,273,0,508,16232
5,272,0,1016,23680
5,276,0,508,18562
5,277,0,508,19143
5,278,0,1270,31714
5,279,0,2286,48122
5,283,0,1270,30863
5,282,0,1270,31240
5,281,0,1016,27516
5,280,0,1016,27745
5,284,0,762,22393
5,285,0,508,18099
5,286,0,508,17923
5,287,0,254,13840
5,291,0,1016,25951
5,290,0,762,21724
5,289,0,508,17635
5,288,0,508,17727
5,292,0,1016,26246
5,293,0,762,22573
5,294,0,762,22996
5,295,0,1016,27437
5,299,0,1016,27164
5,298,0,508,19458
5,297,0,508,19633
5,296,0,762,23631
5,300,0,1524,34637
5,301,0,1524,33810
5,302,0,1016,24777
5,303,0,762,19826
5,307,0,254,13471
5,306,0,1778,36950
5,305,0,508,15743
5,304,0,508,14976
5,308,0,254,14299
5,309,1,0,10889
5,310,0,508,19439
5,311,0,1270,31806
5,315,0,1270,30682
5,314,0,762,22977
5,313,0,1524,35546
5,312,0,1778,39870
5,316,0,1524,34356
5,317,0,1270,30030
5,318,0,508,17641
5,319,0,508,17616
5,323,0,762,21626
5,322,0,762,21443
5,321,0,762,21419
5,320,0,762,21519
5,324,0,762,21952
5,325,0,762,22386
5,326,0,1016,26920
5,327,0,1016,27340
5,331,0,1016,27038
5,330,0,1016,27509
5,329,0,762,23638
5,328,0,762,23562
5,332,0,1270,30373
5,333,0,762,21324
5,334,0,762,20318
5,335,0,1270,27460
5,339,0,254,13177
5,338,0,1016,24363
5,337,0,1016,23377
5,336,0,762,18464
5,340,0,1016,26291
5,341,0,762,22955
5,342,1,0,11234
5,343,0,1270,31747
5,347,0,762,22367
5,346,0,1270,30965
5,345,0,2032,43577
5,344,0,1016,27609
5,348,0,1270,30062
5,349,0,1270,29767
5,350,0,1270,29552
5,351,0,762,21400
5,355,0,508,17303
5,354,0,508,17099
5,353,0,762,21135
5,352,0,762,21247
5,356,0,762,21725
5,357,0,1016,26268
5,358,0,1016,26781
5,359,0,508,19114
5,363,0,1270,30974
5,362,0,1270,31492
5,361,0,1016,27640
5,360,0,762,23494
5,364,0,1778,38302
5,365,0,762,21035
5,366,0,762,19927
5,367,0,1016,22907
5,371,0,254,12888
5,370,0,762,19908
5,369,0,762,18824
5,368,0,1016,21952
5,372,0,1270,30156
5,373,0,508,18763
5,374,1,0,11153
5,375,0,508,19493
5,379,0,1524,34377
5,378,0,2032,43018
5,377,0,762,23159
5,376,0,762,23477
5,380,0,762,21707
5,381,0,1016,25446
5,382,0,1270,29272
5,383,0,1016,25180
5,387,0,762,21103
5,386,0,254,12758
5,385,0,508,16791
5,384,0,762,20975
5,388,0,1270,29628
5,389,0,1270,30145
5,390,0,1016,26642
5,391,0,508,19022
5,395,0,508,18656
5,394,0,1778,39544
5,393,0,1016,27580
5,392,0,508,19362
5,396,0,1524,34037
5,397,0,762,20748
5,398,0,1016,23599
5,399,0,762,18351
5,403,0,762,20729
5,402,0,508,15452
5,401,0,762,18332
5,400,0,762,17312
5,404,0,762,21827
5,405,0,762,22701
5,406,0,508,19205
5,407,0,508,19433
5,411,0,1524,34190
5,410,0,762,22559
5,409,0,762,23067
5,408,0,508,19345
5,412,0,1270,29610
5,413,0,762,21120
5,414,0,762,20867
5,415,0,1016,24900
5,419,0,1016,24909
5,418,0,762,20612
5,417,0,254,12441
5,416,0,508,16639
5,420,0,1016,25335
5,421,0,762,21827
5,422,0,762,22437
5,423,0,254,14860
5,427,0,1270,30716
5,426,0,1270,31336
5,425,0,1016,27522
5,424,0,1270,31488
5,428,0,1016,25710
5,429,0,1016,24518
5,430,0,762,19143
5,431,0,762,17861
5,435,0,1270,28563
5,434,0,508,15060
5,433,0,1524,30034
5,432,0,1270,24864
5,436,1,0,9436
5,437,0,1016,26633
5,438,0,508,19125
5,439,1,0,11247
5,443,0,1270,29936
5,442,0,1270,30546
5,441,0,1016,27033
5,440,0,254,15215
5,444,0,2032,41573
5,445,0,1016,24922
5,446,0,508,16529
5,447,0,762,20550
5,451,0,1524,32773
5,450,0,1270,28455
5,449,0,508,16226
5,448,0,254,12303
5,452,0,1270,29164
5,453,0,762,21643
5,454,0,254,14171
5,455,0,1016,26954
5,459,0,762,22462
5,458,0,508,19060
5,457,0,1524,35585
5,456,0,1016,27353
5,460,0,762,21445
5,461,0,1016,24229
5,462,0,1270,26878
5,463,0,762,17370
5,467,0,1270,28274
5,466,0,254,10603
5,465,0,1270,25479
5,464,0,762,16160
5,468,0,508,17363
5,469,0,1778,38699
5,470,0,1016,27169
5,471,0,762,23374
5,475,0,1016,25688
5,474,0,762,22280
5,473,0,508,18807
5,472,0,254,15144
5,476,0,1270,29146
5,477,0,1778,36854
5,478,0,1270,28436
5,479,0,762,20271
5,483,0,1016,24386
5,482,0,1270,28180
5,481,0,1016,24072
5,480,0,508,16095
5,484,0,1016,24873
5,485,0,762,21455
5,486,0,508,18097
5,487,0,762,22794
5,491,0,1016,26403
5,490,0,1524,35235
5,489,0,1270,31463
5,488,0,508,19157
5,492,0,762,21245
5,493,0,1270,27999
5,494,0,762,18360
5,495,0,762,16879
5,499,0,762,19852
5,498,0,508,14277
5,497,0,1270,24988
5,496,0,1016,19648
5,500,0,762,21227
5,501,0,254,14192
5,502,0,1016,27088
5,503,0,508,19252
5,507,0,508,17372
5,506,0,762,22142
5,505,0,508,18711
5,504,0,254,15076
5,508,0,762,20791
5,509,0,762,20337
5,510,0,1270,28161
5,511,0,1016,24053
